-- ============================================================
-- seedHopeData.sql
-- M3 — Database Engineer (Sprint 1, PR-01 supplement)
--
-- Seeds the 5 HopeDB business tables with synthetic data
-- matching the Sprint 1 spec row counts.
--
-- Row counts:
--   customer:     82
--   product:      52
--   sales:       124
--   salesDetail: ~250 (varies — avg 2 line items per sale)
--   priceHist:   ~70  (varies — 1-2 entries per product)
--
-- Run order: AFTER hopeCMSTable.sql (tables must exist) and
-- AFTER alterCustomer.sql (record_status + stamp columns).
--
-- All data is deterministic — generated with seed=42.
-- Re-run is safe via TRUNCATE pattern below (optional).
-- ============================================================

-- Optional clean slate (uncomment if re-seeding):
-- TRUNCATE TABLE salesDetail, priceHist, sales, product, customer RESTART IDENTITY CASCADE;

-- ── 1. PRODUCT (52 rows) ──
INSERT INTO product (prodCode, description, unit) VALUES ('P00001', 'USB Cable 1m', 'pc');
INSERT INTO product (prodCode, description, unit) VALUES ('P00002', 'HDMI Cable 2m', 'pc');
INSERT INTO product (prodCode, description, unit) VALUES ('P00003', 'Power Adapter 65W', 'pc');
INSERT INTO product (prodCode, description, unit) VALUES ('P00004', 'Wireless Mouse', 'pc');
INSERT INTO product (prodCode, description, unit) VALUES ('P00005', 'Keyboard Wired', 'pc');
INSERT INTO product (prodCode, description, unit) VALUES ('P00006', 'USB Hub 4-port', 'pc');
INSERT INTO product (prodCode, description, unit) VALUES ('P00007', 'Webcam 1080p', 'pc');
INSERT INTO product (prodCode, description, unit) VALUES ('P00008', 'Headphones Stereo', 'pc');
INSERT INTO product (prodCode, description, unit) VALUES ('P00009', 'Mouse Pad Standard', 'pc');
INSERT INTO product (prodCode, description, unit) VALUES ('P00010', 'Laptop Stand Alum', 'pc');
INSERT INTO product (prodCode, description, unit) VALUES ('P00011', 'Ballpen Black', 'ea');
INSERT INTO product (prodCode, description, unit) VALUES ('P00012', 'Ballpen Blue', 'ea');
INSERT INTO product (prodCode, description, unit) VALUES ('P00013', 'Pencil HB', 'ea');
INSERT INTO product (prodCode, description, unit) VALUES ('P00014', 'Eraser White', 'ea');
INSERT INTO product (prodCode, description, unit) VALUES ('P00015', 'Ruler 30cm', 'ea');
INSERT INTO product (prodCode, description, unit) VALUES ('P00016', 'Stapler Standard', 'ea');
INSERT INTO product (prodCode, description, unit) VALUES ('P00017', 'Staple Remover', 'ea');
INSERT INTO product (prodCode, description, unit) VALUES ('P00018', 'Paper Clip Box', 'ea');
INSERT INTO product (prodCode, description, unit) VALUES ('P00019', 'Binder Clip Med', 'ea');
INSERT INTO product (prodCode, description, unit) VALUES ('P00020', 'Scissors 8in', 'ea');
INSERT INTO product (prodCode, description, unit) VALUES ('P00021', 'Tape Dispenser', 'ea');
INSERT INTO product (prodCode, description, unit) VALUES ('P00022', 'Electrical Wire 14g', 'mtr');
INSERT INTO product (prodCode, description, unit) VALUES ('P00023', 'Network Cable Cat6', 'mtr');
INSERT INTO product (prodCode, description, unit) VALUES ('P00024', 'Rope Nylon 10mm', 'mtr');
INSERT INTO product (prodCode, description, unit) VALUES ('P00025', 'PVC Pipe 1/2', 'mtr');
INSERT INTO product (prodCode, description, unit) VALUES ('P00026', 'Garden Hose', 'mtr');
INSERT INTO product (prodCode, description, unit) VALUES ('P00027', 'Steel Wire 2mm', 'mtr');
INSERT INTO product (prodCode, description, unit) VALUES ('P00028', 'Fabric Cotton', 'mtr');
INSERT INTO product (prodCode, description, unit) VALUES ('P00029', 'Plastic Sheet 1mm', 'mtr');
INSERT INTO product (prodCode, description, unit) VALUES ('P00030', 'Bond Paper A4', 'pkg');
INSERT INTO product (prodCode, description, unit) VALUES ('P00031', 'Bond Paper Letter', 'pkg');
INSERT INTO product (prodCode, description, unit) VALUES ('P00032', 'Folder Long', 'pkg');
INSERT INTO product (prodCode, description, unit) VALUES ('P00033', 'Folder Short', 'pkg');
INSERT INTO product (prodCode, description, unit) VALUES ('P00034', 'Envelope White', 'pkg');
INSERT INTO product (prodCode, description, unit) VALUES ('P00035', 'Sticky Notes 3x3', 'pkg');
INSERT INTO product (prodCode, description, unit) VALUES ('P00036', 'Index Cards', 'pkg');
INSERT INTO product (prodCode, description, unit) VALUES ('P00037', 'Printer Paper Ream', 'pkg');
INSERT INTO product (prodCode, description, unit) VALUES ('P00038', 'Toilet Tissue 12s', 'pkg');
INSERT INTO product (prodCode, description, unit) VALUES ('P00039', 'Coffee Sachet 30s', 'pkg');
INSERT INTO product (prodCode, description, unit) VALUES ('P00040', 'Sugar Sachet 50s', 'pkg');
INSERT INTO product (prodCode, description, unit) VALUES ('P00041', 'Tea Bags 25s', 'pkg');
INSERT INTO product (prodCode, description, unit) VALUES ('P00042', 'Trash Bag Large', 'pkg');
INSERT INTO product (prodCode, description, unit) VALUES ('P00043', 'Cooking Oil', 'ltr');
INSERT INTO product (prodCode, description, unit) VALUES ('P00044', 'Distilled Water', 'ltr');
INSERT INTO product (prodCode, description, unit) VALUES ('P00045', 'Bleach Liquid', 'ltr');
INSERT INTO product (prodCode, description, unit) VALUES ('P00046', 'Floor Cleaner', 'ltr');
INSERT INTO product (prodCode, description, unit) VALUES ('P00047', 'Dishwashing Liquid', 'ltr');
INSERT INTO product (prodCode, description, unit) VALUES ('P00048', 'Alcohol 70%', 'ltr');
INSERT INTO product (prodCode, description, unit) VALUES ('P00049', 'Hand Soap Liquid', 'ltr');
INSERT INTO product (prodCode, description, unit) VALUES ('P00050', 'Fuel Additive', 'ltr');
INSERT INTO product (prodCode, description, unit) VALUES ('P00051', 'Paint Thinner', 'ltr');
INSERT INTO product (prodCode, description, unit) VALUES ('P00052', 'Motor Oil 1L', 'ltr');

-- ── 2. CUSTOMER (82 rows) ──
INSERT INTO customer (custno, custname, address, payterm, record_status, stamp) VALUES ('C0001', 'Ricardo Garcia', '26 Mabini St., Pasay', 'COD', 'ACTIVE', 'SEEDED');
INSERT INTO customer (custno, custname, address, payterm, record_status, stamp) VALUES ('C0002', 'Pedro Padilla', '105 Rizal St., Valenzuela', 'COD', 'ACTIVE', 'SEEDED');
INSERT INTO customer (custno, custname, address, payterm, record_status, stamp) VALUES ('C0003', 'Maria Cruz', '224 Bonifacio St., Antipolo', '45D', 'ACTIVE', 'SEEDED');
INSERT INTO customer (custno, custname, address, payterm, record_status, stamp) VALUES ('C0004', 'Maria Flores', '204 Aguinaldo St., Pasay', '30D', 'ACTIVE', 'SEEDED');
INSERT INTO customer (custno, custname, address, payterm, record_status, stamp) VALUES ('C0005', 'Eduardo Tomas', '829 Rizal St., Mandaluyong', '45D', 'ACTIVE', 'SEEDED');
INSERT INTO customer (custno, custname, address, payterm, record_status, stamp) VALUES ('C0006', 'Isabel Marquez', '285 Bonifacio St., San Juan', '30D', 'ACTIVE', 'SEEDED');
INSERT INTO customer (custno, custname, address, payterm, record_status, stamp) VALUES ('C0007', 'Ana Cruz', '390 Rizal St., Las Piñas', '30D', 'ACTIVE', 'SEEDED');
INSERT INTO customer (custno, custname, address, payterm, record_status, stamp) VALUES ('C0008', 'Andrea Tomas', '827 Rizal St., Malabon', '45D', 'ACTIVE', 'SEEDED');
INSERT INTO customer (custno, custname, address, payterm, record_status, stamp) VALUES ('C0009', 'Ana Mercado', '81 Mabini St., Las Piñas', '45D', 'ACTIVE', 'SEEDED');
INSERT INTO customer (custno, custname, address, payterm, record_status, stamp) VALUES ('C0010', 'Carmen Ocampo', '72 Rizal St., Pasay', '30D', 'ACTIVE', 'SEEDED');
INSERT INTO customer (custno, custname, address, payterm, record_status, stamp) VALUES ('C0011', 'Jose Torres', '888 Rizal St., Muntinlupa', '30D', 'ACTIVE', 'SEEDED');
INSERT INTO customer (custno, custname, address, payterm, record_status, stamp) VALUES ('C0012', 'Manuel Lopez', '855 Mabini St., Mandaluyong', '30D', 'ACTIVE', 'SEEDED');
INSERT INTO customer (custno, custname, address, payterm, record_status, stamp) VALUES ('C0013', 'Sofia Mendoza', '687 Mabini St., Makati', '45D', 'ACTIVE', 'SEEDED');
INSERT INTO customer (custno, custname, address, payterm, record_status, stamp) VALUES ('C0014', 'Ricardo Gonzales', '547 Bonifacio St., Mandaluyong', '30D', 'ACTIVE', 'SEEDED');
INSERT INTO customer (custno, custname, address, payterm, record_status, stamp) VALUES ('C0015', 'Carlos Tomas', '948 Bonifacio St., Parañaque', 'COD', 'ACTIVE', 'SEEDED');
INSERT INTO customer (custno, custname, address, payterm, record_status, stamp) VALUES ('C0016', 'Rosa Salazar', '33 Mabini St., Muntinlupa', '30D', 'ACTIVE', 'SEEDED');
INSERT INTO customer (custno, custname, address, payterm, record_status, stamp) VALUES ('C0017', 'Jose Mendoza', '936 Mabini St., San Juan', '45D', 'ACTIVE', 'SEEDED');
INSERT INTO customer (custno, custname, address, payterm, record_status, stamp) VALUES ('C0018', 'Cristina Mercado', '906 Aguinaldo St., Taguig', '30D', 'ACTIVE', 'SEEDED');
INSERT INTO customer (custno, custname, address, payterm, record_status, stamp) VALUES ('C0019', 'Pedro Torres', '763 Mabini St., Valenzuela', '45D', 'ACTIVE', 'SEEDED');
INSERT INTO customer (custno, custname, address, payterm, record_status, stamp) VALUES ('C0020', 'Carlos Romualdez', '225 Bonifacio St., Antipolo', '30D', 'ACTIVE', 'SEEDED');
INSERT INTO customer (custno, custname, address, payterm, record_status, stamp) VALUES ('C0021', 'Jose Quiambao', '49 Rizal St., Taguig', '45D', 'ACTIVE', 'SEEDED');
INSERT INTO customer (custno, custname, address, payterm, record_status, stamp) VALUES ('C0022', 'Luis Ramos', '697 Aguinaldo St., Makati', '30D', 'ACTIVE', 'SEEDED');
INSERT INTO customer (custno, custname, address, payterm, record_status, stamp) VALUES ('C0023', 'Carlos Jimenez', '480 Mabini St., Cainta', 'COD', 'ACTIVE', 'SEEDED');
INSERT INTO customer (custno, custname, address, payterm, record_status, stamp) VALUES ('C0024', 'Beatriz Padilla', '118 Mabini St., Parañaque', 'COD', 'ACTIVE', 'SEEDED');
INSERT INTO customer (custno, custname, address, payterm, record_status, stamp) VALUES ('C0025', 'Elena Aguilar', '162 Aguinaldo St., Quezon City', '45D', 'ACTIVE', 'SEEDED');
INSERT INTO customer (custno, custname, address, payterm, record_status, stamp) VALUES ('C0026', 'Roberto Padilla', '270 Bonifacio St., Antipolo', 'COD', 'ACTIVE', 'SEEDED');
INSERT INTO customer (custno, custname, address, payterm, record_status, stamp) VALUES ('C0027', 'Teresa Lopez', '306 Bonifacio St., Taguig', '30D', 'ACTIVE', 'SEEDED');
INSERT INTO customer (custno, custname, address, payterm, record_status, stamp) VALUES ('C0028', 'Javier Gonzales', '553 Rizal St., Parañaque', '30D', 'ACTIVE', 'SEEDED');
INSERT INTO customer (custno, custname, address, payterm, record_status, stamp) VALUES ('C0029', 'Maria Garcia', '952 Mabini St., Marikina', 'COD', 'ACTIVE', 'SEEDED');
INSERT INTO customer (custno, custname, address, payterm, record_status, stamp) VALUES ('C0030', 'Juan Torres', '900 Rizal St., Makati', '45D', 'ACTIVE', 'SEEDED');
INSERT INTO customer (custno, custname, address, payterm, record_status, stamp) VALUES ('C0031', 'Cristina Salazar', '71 Bonifacio St., Taguig', '45D', 'ACTIVE', 'SEEDED');
INSERT INTO customer (custno, custname, address, payterm, record_status, stamp) VALUES ('C0032', 'Cristina Flores', '170 Mabini St., Antipolo', '45D', 'ACTIVE', 'SEEDED');
INSERT INTO customer (custno, custname, address, payterm, record_status, stamp) VALUES ('C0033', 'Isabel Mendoza', '952 Bonifacio St., Marikina', '30D', 'ACTIVE', 'SEEDED');
INSERT INTO customer (custno, custname, address, payterm, record_status, stamp) VALUES ('C0034', 'Beatriz Lopez', '383 Aguinaldo St., Antipolo', '30D', 'ACTIVE', 'SEEDED');
INSERT INTO customer (custno, custname, address, payterm, record_status, stamp) VALUES ('C0035', 'Ana Torres', '231 Rizal St., Parañaque', 'COD', 'ACTIVE', 'SEEDED');
INSERT INTO customer (custno, custname, address, payterm, record_status, stamp) VALUES ('C0036', 'Eduardo Flores', '236 Bonifacio St., Quezon City', 'COD', 'ACTIVE', 'SEEDED');
INSERT INTO customer (custno, custname, address, payterm, record_status, stamp) VALUES ('C0037', 'Fernando Lopez', '61 Bonifacio St., Makati', 'COD', 'ACTIVE', 'SEEDED');
INSERT INTO customer (custno, custname, address, payterm, record_status, stamp) VALUES ('C0038', 'Teresa Marquez', '73 Bonifacio St., Caloocan', '45D', 'ACTIVE', 'SEEDED');
INSERT INTO customer (custno, custname, address, payterm, record_status, stamp) VALUES ('C0039', 'Cristina Mendoza', '553 Bonifacio St., Navotas', 'COD', 'ACTIVE', 'SEEDED');
INSERT INTO customer (custno, custname, address, payterm, record_status, stamp) VALUES ('C0040', 'Lourdes Domingo', '827 Aguinaldo St., San Juan', 'COD', 'ACTIVE', 'SEEDED');
INSERT INTO customer (custno, custname, address, payterm, record_status, stamp) VALUES ('C0041', 'Ana Navarro', '442 Mabini St., Valenzuela', '30D', 'ACTIVE', 'SEEDED');
INSERT INTO customer (custno, custname, address, payterm, record_status, stamp) VALUES ('C0042', 'Manuel Padilla', '56 Rizal St., Manila', '30D', 'ACTIVE', 'SEEDED');
INSERT INTO customer (custno, custname, address, payterm, record_status, stamp) VALUES ('C0043', 'Gabriela Marquez', '820 Rizal St., Pasay', 'COD', 'ACTIVE', 'SEEDED');
INSERT INTO customer (custno, custname, address, payterm, record_status, stamp) VALUES ('C0044', 'Carmen Flores', '460 Bonifacio St., Valenzuela', 'COD', 'ACTIVE', 'SEEDED');
INSERT INTO customer (custno, custname, address, payterm, record_status, stamp) VALUES ('C0045', 'Antonio Castro', '256 Rizal St., Malabon', '45D', 'ACTIVE', 'SEEDED');
INSERT INTO customer (custno, custname, address, payterm, record_status, stamp) VALUES ('C0046', 'Ana Reyes', '668 Rizal St., Makati', 'COD', 'ACTIVE', 'SEEDED');
INSERT INTO customer (custno, custname, address, payterm, record_status, stamp) VALUES ('C0047', 'Luis Aguilar', '498 Aguinaldo St., San Juan', '30D', 'ACTIVE', 'SEEDED');
INSERT INTO customer (custno, custname, address, payterm, record_status, stamp) VALUES ('C0048', 'Roberto Reyes', '169 Aguinaldo St., Quezon City', '30D', 'ACTIVE', 'SEEDED');
INSERT INTO customer (custno, custname, address, payterm, record_status, stamp) VALUES ('C0049', 'Antonio Ramos', '804 Aguinaldo St., Marikina', '30D', 'ACTIVE', 'SEEDED');
INSERT INTO customer (custno, custname, address, payterm, record_status, stamp) VALUES ('C0050', 'Fernando Padilla', '803 Aguinaldo St., Taguig', 'COD', 'ACTIVE', 'SEEDED');
INSERT INTO customer (custno, custname, address, payterm, record_status, stamp) VALUES ('C0051', 'Elena Mendoza', '992 Rizal St., Cainta', 'COD', 'ACTIVE', 'SEEDED');
INSERT INTO customer (custno, custname, address, payterm, record_status, stamp) VALUES ('C0052', 'Juan Reyes', '599 Aguinaldo St., Antipolo', '45D', 'ACTIVE', 'SEEDED');
INSERT INTO customer (custno, custname, address, payterm, record_status, stamp) VALUES ('C0053', 'Luis Reyes', '984 Rizal St., Mandaluyong', 'COD', 'ACTIVE', 'SEEDED');
INSERT INTO customer (custno, custname, address, payterm, record_status, stamp) VALUES ('C0054', 'Andrea Cruz', '692 Bonifacio St., Muntinlupa', 'COD', 'ACTIVE', 'SEEDED');
INSERT INTO customer (custno, custname, address, payterm, record_status, stamp) VALUES ('C0055', 'Roberto Hernandez', '253 Rizal St., Makati', '30D', 'ACTIVE', 'SEEDED');
INSERT INTO customer (custno, custname, address, payterm, record_status, stamp) VALUES ('C0056', 'Beatriz Hernandez', '579 Mabini St., Caloocan', 'COD', 'ACTIVE', 'SEEDED');
INSERT INTO customer (custno, custname, address, payterm, record_status, stamp) VALUES ('C0057', 'Beatriz Ocampo', '322 Bonifacio St., Caloocan', '30D', 'ACTIVE', 'SEEDED');
INSERT INTO customer (custno, custname, address, payterm, record_status, stamp) VALUES ('C0058', 'Pedro Navarro', '661 Mabini St., Malabon', '30D', 'ACTIVE', 'SEEDED');
INSERT INTO customer (custno, custname, address, payterm, record_status, stamp) VALUES ('C0059', 'Diana Quiambao', '959 Rizal St., Quezon City', '30D', 'ACTIVE', 'SEEDED');
INSERT INTO customer (custno, custname, address, payterm, record_status, stamp) VALUES ('C0060', 'Andrea Hernandez', '103 Rizal St., Cainta', 'COD', 'ACTIVE', 'SEEDED');
INSERT INTO customer (custno, custname, address, payterm, record_status, stamp) VALUES ('C0061', 'Rafael Tomas', '136 Mabini St., Makati', 'COD', 'ACTIVE', 'SEEDED');
INSERT INTO customer (custno, custname, address, payterm, record_status, stamp) VALUES ('C0062', 'Sofia Andres', '162 Aguinaldo St., Cainta', '45D', 'ACTIVE', 'SEEDED');
INSERT INTO customer (custno, custname, address, payterm, record_status, stamp) VALUES ('C0063', 'Elena Jimenez', '827 Rizal St., Cainta', '30D', 'ACTIVE', 'SEEDED');
INSERT INTO customer (custno, custname, address, payterm, record_status, stamp) VALUES ('C0064', 'Diana Navarro', '107 Bonifacio St., Caloocan', 'COD', 'ACTIVE', 'SEEDED');
INSERT INTO customer (custno, custname, address, payterm, record_status, stamp) VALUES ('C0065', 'Roberto Garcia', '761 Bonifacio St., Caloocan', '30D', 'ACTIVE', 'SEEDED');
INSERT INTO customer (custno, custname, address, payterm, record_status, stamp) VALUES ('C0066', 'Andrea Mendoza', '735 Mabini St., San Juan', '45D', 'ACTIVE', 'SEEDED');
INSERT INTO customer (custno, custname, address, payterm, record_status, stamp) VALUES ('C0067', 'Ricardo Tomas', '518 Aguinaldo St., Caloocan', 'COD', 'ACTIVE', 'SEEDED');
INSERT INTO customer (custno, custname, address, payterm, record_status, stamp) VALUES ('C0068', 'Jose Lopez', '434 Mabini St., Manila', 'COD', 'ACTIVE', 'SEEDED');
INSERT INTO customer (custno, custname, address, payterm, record_status, stamp) VALUES ('C0069', 'Miguel Quiambao', '134 Mabini St., Mandaluyong', '45D', 'ACTIVE', 'SEEDED');
INSERT INTO customer (custno, custname, address, payterm, record_status, stamp) VALUES ('C0070', 'Manuel Flores', '723 Aguinaldo St., Cainta', 'COD', 'ACTIVE', 'SEEDED');
INSERT INTO customer (custno, custname, address, payterm, record_status, stamp) VALUES ('C0071', 'Roberto Ocampo', '926 Bonifacio St., Cainta', 'COD', 'ACTIVE', 'SEEDED');
INSERT INTO customer (custno, custname, address, payterm, record_status, stamp) VALUES ('C0072', 'Alfredo Romualdez', '597 Bonifacio St., Valenzuela', 'COD', 'ACTIVE', 'SEEDED');
INSERT INTO customer (custno, custname, address, payterm, record_status, stamp) VALUES ('C0073', 'Juan Andres', '374 Rizal St., Las Piñas', 'COD', 'ACTIVE', 'SEEDED');
INSERT INTO customer (custno, custname, address, payterm, record_status, stamp) VALUES ('C0074', 'Beatriz Torres', '683 Rizal St., Las Piñas', '45D', 'ACTIVE', 'SEEDED');
INSERT INTO customer (custno, custname, address, payterm, record_status, stamp) VALUES ('C0075', 'Roberto Aguilar', '998 Bonifacio St., Pasay', 'COD', 'ACTIVE', 'SEEDED');
INSERT INTO customer (custno, custname, address, payterm, record_status, stamp) VALUES ('C0076', 'Lourdes Ramos', '182 Aguinaldo St., Quezon City', 'COD', 'ACTIVE', 'SEEDED');
INSERT INTO customer (custno, custname, address, payterm, record_status, stamp) VALUES ('C0077', 'Lourdes Aguilar', '822 Bonifacio St., Caloocan', 'COD', 'ACTIVE', 'SEEDED');
INSERT INTO customer (custno, custname, address, payterm, record_status, stamp) VALUES ('C0078', 'Lourdes Ocampo', '111 Aguinaldo St., Manila', '30D', 'ACTIVE', 'SEEDED');
INSERT INTO customer (custno, custname, address, payterm, record_status, stamp) VALUES ('C0079', 'Rosa Mendoza', '837 Aguinaldo St., Las Piñas', '30D', 'ACTIVE', 'SEEDED');
INSERT INTO customer (custno, custname, address, payterm, record_status, stamp) VALUES ('C0080', 'Alfredo Ramos', '893 Bonifacio St., Pasay', 'COD', 'ACTIVE', 'SEEDED');
INSERT INTO customer (custno, custname, address, payterm, record_status, stamp) VALUES ('C0081', 'Beatriz Mendoza', '409 Mabini St., Caloocan', 'COD', 'ACTIVE', 'SEEDED');
INSERT INTO customer (custno, custname, address, payterm, record_status, stamp) VALUES ('C0082', 'Javier Tomas', '360 Aguinaldo St., Cainta', '30D', 'ACTIVE', 'SEEDED');

-- ── 3. PRICEHIST (70 rows) ──
INSERT INTO priceHist (effDate, prodCode, unitPrice) VALUES ('2023-01-01', 'P00009', 1815.65);
INSERT INTO priceHist (effDate, prodCode, unitPrice) VALUES ('2023-01-01', 'P00024', 90.12);
INSERT INTO priceHist (effDate, prodCode, unitPrice) VALUES ('2023-01-12', 'P00008', 596.69);
INSERT INTO priceHist (effDate, prodCode, unitPrice) VALUES ('2023-01-13', 'P00047', 198.16);
INSERT INTO priceHist (effDate, prodCode, unitPrice) VALUES ('2023-01-19', 'P00039', 431.63);
INSERT INTO priceHist (effDate, prodCode, unitPrice) VALUES ('2023-01-24', 'P00033', 326.76);
INSERT INTO priceHist (effDate, prodCode, unitPrice) VALUES ('2023-01-28', 'P00044', 251.6);
INSERT INTO priceHist (effDate, prodCode, unitPrice) VALUES ('2023-01-30', 'P00001', 2357.21);
INSERT INTO priceHist (effDate, prodCode, unitPrice) VALUES ('2023-02-01', 'P00015', 28.54);
INSERT INTO priceHist (effDate, prodCode, unitPrice) VALUES ('2023-02-01', 'P00048', 210.58);
INSERT INTO priceHist (effDate, prodCode, unitPrice) VALUES ('2023-02-07', 'P00036', 411.99);
INSERT INTO priceHist (effDate, prodCode, unitPrice) VALUES ('2023-02-13', 'P00030', 260.3);
INSERT INTO priceHist (effDate, prodCode, unitPrice) VALUES ('2023-02-14', 'P00022', 140.3);
INSERT INTO priceHist (effDate, prodCode, unitPrice) VALUES ('2023-02-23', 'P00025', 71.22);
INSERT INTO priceHist (effDate, prodCode, unitPrice) VALUES ('2023-02-26', 'P00045', 280.2);
INSERT INTO priceHist (effDate, prodCode, unitPrice) VALUES ('2023-02-27', 'P00035', 351.12);
INSERT INTO priceHist (effDate, prodCode, unitPrice) VALUES ('2023-03-02', 'P00034', 417.38);
INSERT INTO priceHist (effDate, prodCode, unitPrice) VALUES ('2023-03-04', 'P00037', 56.11);
INSERT INTO priceHist (effDate, prodCode, unitPrice) VALUES ('2023-03-08', 'P00002', 2211.04);
INSERT INTO priceHist (effDate, prodCode, unitPrice) VALUES ('2023-03-09', 'P00003', 569.63);
INSERT INTO priceHist (effDate, prodCode, unitPrice) VALUES ('2023-03-14', 'P00031', 344.78);
INSERT INTO priceHist (effDate, prodCode, unitPrice) VALUES ('2023-03-18', 'P00016', 58.98);
INSERT INTO priceHist (effDate, prodCode, unitPrice) VALUES ('2023-03-19', 'P00023', 128.87);
INSERT INTO priceHist (effDate, prodCode, unitPrice) VALUES ('2023-03-22', 'P00005', 1171.22);
INSERT INTO priceHist (effDate, prodCode, unitPrice) VALUES ('2023-03-24', 'P00027', 127.23);
INSERT INTO priceHist (effDate, prodCode, unitPrice) VALUES ('2023-04-08', 'P00021', 54.87);
INSERT INTO priceHist (effDate, prodCode, unitPrice) VALUES ('2023-04-13', 'P00042', 219.71);
INSERT INTO priceHist (effDate, prodCode, unitPrice) VALUES ('2023-04-14', 'P00018', 35.63);
INSERT INTO priceHist (effDate, prodCode, unitPrice) VALUES ('2023-04-18', 'P00020', 14.55);
INSERT INTO priceHist (effDate, prodCode, unitPrice) VALUES ('2023-04-21', 'P00012', 19.78);
INSERT INTO priceHist (effDate, prodCode, unitPrice) VALUES ('2023-04-24', 'P00028', 101.02);
INSERT INTO priceHist (effDate, prodCode, unitPrice) VALUES ('2023-04-24', 'P00051', 222.57);
INSERT INTO priceHist (effDate, prodCode, unitPrice) VALUES ('2023-04-29', 'P00049', 178.79);
INSERT INTO priceHist (effDate, prodCode, unitPrice) VALUES ('2023-05-10', 'P00052', 227.99);
INSERT INTO priceHist (effDate, prodCode, unitPrice) VALUES ('2023-05-11', 'P00006', 1175.53);
INSERT INTO priceHist (effDate, prodCode, unitPrice) VALUES ('2023-05-11', 'P00029', 139.99);
INSERT INTO priceHist (effDate, prodCode, unitPrice) VALUES ('2023-05-18', 'P00010', 1371.81);
INSERT INTO priceHist (effDate, prodCode, unitPrice) VALUES ('2023-05-22', 'P00019', 57.29);
INSERT INTO priceHist (effDate, prodCode, unitPrice) VALUES ('2023-05-24', 'P00050', 245.29);
INSERT INTO priceHist (effDate, prodCode, unitPrice) VALUES ('2023-05-28', 'P00007', 421.77);
INSERT INTO priceHist (effDate, prodCode, unitPrice) VALUES ('2023-05-29', 'P00026', 94.53);
INSERT INTO priceHist (effDate, prodCode, unitPrice) VALUES ('2023-06-02', 'P00004', 239.9);
INSERT INTO priceHist (effDate, prodCode, unitPrice) VALUES ('2023-06-06', 'P00038', 492.69);
INSERT INTO priceHist (effDate, prodCode, unitPrice) VALUES ('2023-06-09', 'P00014', 74.06);
INSERT INTO priceHist (effDate, prodCode, unitPrice) VALUES ('2023-06-11', 'P00040', 252.21);
INSERT INTO priceHist (effDate, prodCode, unitPrice) VALUES ('2023-06-12', 'P00032', 279.53);
INSERT INTO priceHist (effDate, prodCode, unitPrice) VALUES ('2023-06-14', 'P00031', 370.27);
INSERT INTO priceHist (effDate, prodCode, unitPrice) VALUES ('2023-06-17', 'P00043', 111.86);
INSERT INTO priceHist (effDate, prodCode, unitPrice) VALUES ('2023-06-19', 'P00048', 234.13);
INSERT INTO priceHist (effDate, prodCode, unitPrice) VALUES ('2023-06-20', 'P00013', 10.25);
INSERT INTO priceHist (effDate, prodCode, unitPrice) VALUES ('2023-06-20', 'P00017', 43.03);
INSERT INTO priceHist (effDate, prodCode, unitPrice) VALUES ('2023-06-21', 'P00011', 56.51);
INSERT INTO priceHist (effDate, prodCode, unitPrice) VALUES ('2023-06-23', 'P00018', 40.31);
INSERT INTO priceHist (effDate, prodCode, unitPrice) VALUES ('2023-06-28', 'P00041', 306.93);
INSERT INTO priceHist (effDate, prodCode, unitPrice) VALUES ('2023-06-28', 'P00046', 90.4);
INSERT INTO priceHist (effDate, prodCode, unitPrice) VALUES ('2023-08-14', 'P00032', 319.38);
INSERT INTO priceHist (effDate, prodCode, unitPrice) VALUES ('2023-08-20', 'P00029', 145.31);
INSERT INTO priceHist (effDate, prodCode, unitPrice) VALUES ('2023-08-28', 'P00044', 281.28);
INSERT INTO priceHist (effDate, prodCode, unitPrice) VALUES ('2023-09-10', 'P00005', 1268.98);
INSERT INTO priceHist (effDate, prodCode, unitPrice) VALUES ('2023-09-18', 'P00036', 468.06);
INSERT INTO priceHist (effDate, prodCode, unitPrice) VALUES ('2023-10-21', 'P00028', 106.61);
INSERT INTO priceHist (effDate, prodCode, unitPrice) VALUES ('2023-12-07', 'P00019', 61.68);
INSERT INTO priceHist (effDate, prodCode, unitPrice) VALUES ('2023-12-16', 'P00011', 60.45);
INSERT INTO priceHist (effDate, prodCode, unitPrice) VALUES ('2023-12-18', 'P00016', 63.15);
INSERT INTO priceHist (effDate, prodCode, unitPrice) VALUES ('2024-01-08', 'P00050', 267.5);
INSERT INTO priceHist (effDate, prodCode, unitPrice) VALUES ('2024-01-12', 'P00042', 239.48);
INSERT INTO priceHist (effDate, prodCode, unitPrice) VALUES ('2024-02-19', 'P00034', 446.37);
INSERT INTO priceHist (effDate, prodCode, unitPrice) VALUES ('2024-03-18', 'P00017', 44.24);
INSERT INTO priceHist (effDate, prodCode, unitPrice) VALUES ('2024-06-01', 'P00046', 101.61);
INSERT INTO priceHist (effDate, prodCode, unitPrice) VALUES ('2024-06-21', 'P00041', 350.82);

-- ── 4. SALES (124 rows) ──
INSERT INTO sales (transNo, salesDate, custNo, empNo) VALUES ('T0000107', '2024-01-02', 'C0070', 'E0008');
INSERT INTO sales (transNo, salesDate, custNo, empNo) VALUES ('T0000115', '2024-01-15', 'C0071', 'E0007');
INSERT INTO sales (transNo, salesDate, custNo, empNo) VALUES ('T0000095', '2024-01-22', 'C0035', 'E0010');
INSERT INTO sales (transNo, salesDate, custNo, empNo) VALUES ('T0000004', '2024-01-28', 'C0051', 'E0010');
INSERT INTO sales (transNo, salesDate, custNo, empNo) VALUES ('T0000005', '2024-01-28', 'C0011', 'E0007');
INSERT INTO sales (transNo, salesDate, custNo, empNo) VALUES ('T0000001', '2024-01-30', 'C0050', 'E0006');
INSERT INTO sales (transNo, salesDate, custNo, empNo) VALUES ('T0000104', '2024-02-07', 'C0059', 'E0002');
INSERT INTO sales (transNo, salesDate, custNo, empNo) VALUES ('T0000092', '2024-02-10', 'C0056', 'E0006');
INSERT INTO sales (transNo, salesDate, custNo, empNo) VALUES ('T0000096', '2024-02-11', 'C0023', 'E0008');
INSERT INTO sales (transNo, salesDate, custNo, empNo) VALUES ('T0000007', '2024-02-21', 'C0034', 'E0007');
INSERT INTO sales (transNo, salesDate, custNo, empNo) VALUES ('T0000065', '2024-02-22', 'C0033', 'E0008');
INSERT INTO sales (transNo, salesDate, custNo, empNo) VALUES ('T0000111', '2024-02-22', 'C0027', 'E0005');
INSERT INTO sales (transNo, salesDate, custNo, empNo) VALUES ('T0000012', '2024-02-23', 'C0045', 'E0004');
INSERT INTO sales (transNo, salesDate, custNo, empNo) VALUES ('T0000068', '2024-02-24', 'C0020', 'E0003');
INSERT INTO sales (transNo, salesDate, custNo, empNo) VALUES ('T0000060', '2024-02-25', 'C0071', 'E0005');
INSERT INTO sales (transNo, salesDate, custNo, empNo) VALUES ('T0000074', '2024-03-02', 'C0079', 'E0002');
INSERT INTO sales (transNo, salesDate, custNo, empNo) VALUES ('T0000013', '2024-03-11', 'C0006', 'E0001');
INSERT INTO sales (transNo, salesDate, custNo, empNo) VALUES ('T0000078', '2024-03-17', 'C0021', 'E0001');
INSERT INTO sales (transNo, salesDate, custNo, empNo) VALUES ('T0000011', '2024-03-24', 'C0061', 'E0001');
INSERT INTO sales (transNo, salesDate, custNo, empNo) VALUES ('T0000034', '2024-03-29', 'C0036', 'E0008');
INSERT INTO sales (transNo, salesDate, custNo, empNo) VALUES ('T0000116', '2024-04-05', 'C0029', 'E0002');
INSERT INTO sales (transNo, salesDate, custNo, empNo) VALUES ('T0000056', '2024-04-12', 'C0025', 'E0005');
INSERT INTO sales (transNo, salesDate, custNo, empNo) VALUES ('T0000062', '2024-04-15', 'C0002', 'E0010');
INSERT INTO sales (transNo, salesDate, custNo, empNo) VALUES ('T0000020', '2024-04-20', 'C0075', 'E0001');
INSERT INTO sales (transNo, salesDate, custNo, empNo) VALUES ('T0000066', '2024-04-26', 'C0009', 'E0007');
INSERT INTO sales (transNo, salesDate, custNo, empNo) VALUES ('T0000019', '2024-04-27', 'C0021', 'E0005');
INSERT INTO sales (transNo, salesDate, custNo, empNo) VALUES ('T0000106', '2024-04-28', 'C0052', 'E0009');
INSERT INTO sales (transNo, salesDate, custNo, empNo) VALUES ('T0000070', '2024-05-01', 'C0072', 'E0007');
INSERT INTO sales (transNo, salesDate, custNo, empNo) VALUES ('T0000024', '2024-05-03', 'C0073', 'E0001');
INSERT INTO sales (transNo, salesDate, custNo, empNo) VALUES ('T0000059', '2024-05-09', 'C0036', 'E0001');
INSERT INTO sales (transNo, salesDate, custNo, empNo) VALUES ('T0000061', '2024-05-09', 'C0082', 'E0008');
INSERT INTO sales (transNo, salesDate, custNo, empNo) VALUES ('T0000003', '2024-05-10', 'C0080', 'E0009');
INSERT INTO sales (transNo, salesDate, custNo, empNo) VALUES ('T0000112', '2024-05-14', 'C0037', 'E0008');
INSERT INTO sales (transNo, salesDate, custNo, empNo) VALUES ('T0000006', '2024-05-18', 'C0060', 'E0003');
INSERT INTO sales (transNo, salesDate, custNo, empNo) VALUES ('T0000086', '2024-05-25', 'C0010', 'E0001');
INSERT INTO sales (transNo, salesDate, custNo, empNo) VALUES ('T0000121', '2024-05-28', 'C0050', 'E0004');
INSERT INTO sales (transNo, salesDate, custNo, empNo) VALUES ('T0000015', '2024-06-05', 'C0031', 'E0003');
INSERT INTO sales (transNo, salesDate, custNo, empNo) VALUES ('T0000030', '2024-06-05', 'C0056', 'E0003');
INSERT INTO sales (transNo, salesDate, custNo, empNo) VALUES ('T0000087', '2024-06-18', 'C0040', 'E0010');
INSERT INTO sales (transNo, salesDate, custNo, empNo) VALUES ('T0000098', '2024-07-04', 'C0075', 'E0007');
INSERT INTO sales (transNo, salesDate, custNo, empNo) VALUES ('T0000053', '2024-07-08', 'C0025', 'E0004');
INSERT INTO sales (transNo, salesDate, custNo, empNo) VALUES ('T0000084', '2024-07-21', 'C0055', 'E0002');
INSERT INTO sales (transNo, salesDate, custNo, empNo) VALUES ('T0000075', '2024-07-31', 'C0081', 'E0004');
INSERT INTO sales (transNo, salesDate, custNo, empNo) VALUES ('T0000017', '2024-08-11', 'C0060', 'E0005');
INSERT INTO sales (transNo, salesDate, custNo, empNo) VALUES ('T0000085', '2024-08-18', 'C0020', 'E0005');
INSERT INTO sales (transNo, salesDate, custNo, empNo) VALUES ('T0000071', '2024-08-19', 'C0067', 'E0007');
INSERT INTO sales (transNo, salesDate, custNo, empNo) VALUES ('T0000057', '2024-08-20', 'C0047', 'E0003');
INSERT INTO sales (transNo, salesDate, custNo, empNo) VALUES ('T0000094', '2024-08-22', 'C0074', 'E0010');
INSERT INTO sales (transNo, salesDate, custNo, empNo) VALUES ('T0000051', '2024-08-24', 'C0016', 'E0004');
INSERT INTO sales (transNo, salesDate, custNo, empNo) VALUES ('T0000081', '2024-08-25', 'C0037', 'E0005');
INSERT INTO sales (transNo, salesDate, custNo, empNo) VALUES ('T0000077', '2024-09-02', 'C0023', 'E0009');
INSERT INTO sales (transNo, salesDate, custNo, empNo) VALUES ('T0000114', '2024-09-02', 'C0021', 'E0005');
INSERT INTO sales (transNo, salesDate, custNo, empNo) VALUES ('T0000043', '2024-09-03', 'C0061', 'E0008');
INSERT INTO sales (transNo, salesDate, custNo, empNo) VALUES ('T0000042', '2024-09-04', 'C0053', 'E0008');
INSERT INTO sales (transNo, salesDate, custNo, empNo) VALUES ('T0000023', '2024-09-05', 'C0014', 'E0005');
INSERT INTO sales (transNo, salesDate, custNo, empNo) VALUES ('T0000035', '2024-09-06', 'C0060', 'E0010');
INSERT INTO sales (transNo, salesDate, custNo, empNo) VALUES ('T0000046', '2024-09-06', 'C0040', 'E0010');
INSERT INTO sales (transNo, salesDate, custNo, empNo) VALUES ('T0000014', '2024-09-10', 'C0026', 'E0001');
INSERT INTO sales (transNo, salesDate, custNo, empNo) VALUES ('T0000093', '2024-09-13', 'C0004', 'E0002');
INSERT INTO sales (transNo, salesDate, custNo, empNo) VALUES ('T0000039', '2024-09-21', 'C0044', 'E0005');
INSERT INTO sales (transNo, salesDate, custNo, empNo) VALUES ('T0000076', '2024-09-27', 'C0011', 'E0003');
INSERT INTO sales (transNo, salesDate, custNo, empNo) VALUES ('T0000083', '2024-09-27', 'C0081', 'E0010');
INSERT INTO sales (transNo, salesDate, custNo, empNo) VALUES ('T0000033', '2024-10-01', 'C0042', 'E0004');
INSERT INTO sales (transNo, salesDate, custNo, empNo) VALUES ('T0000050', '2024-10-04', 'C0040', 'E0005');
INSERT INTO sales (transNo, salesDate, custNo, empNo) VALUES ('T0000090', '2024-10-05', 'C0065', 'E0009');
INSERT INTO sales (transNo, salesDate, custNo, empNo) VALUES ('T0000119', '2024-10-06', 'C0054', 'E0008');
INSERT INTO sales (transNo, salesDate, custNo, empNo) VALUES ('T0000040', '2024-10-09', 'C0072', 'E0001');
INSERT INTO sales (transNo, salesDate, custNo, empNo) VALUES ('T0000123', '2024-10-09', 'C0054', 'E0006');
INSERT INTO sales (transNo, salesDate, custNo, empNo) VALUES ('T0000010', '2024-10-11', 'C0054', 'E0005');
INSERT INTO sales (transNo, salesDate, custNo, empNo) VALUES ('T0000063', '2024-10-18', 'C0061', 'E0008');
INSERT INTO sales (transNo, salesDate, custNo, empNo) VALUES ('T0000088', '2024-10-22', 'C0057', 'E0002');
INSERT INTO sales (transNo, salesDate, custNo, empNo) VALUES ('T0000103', '2024-10-22', 'C0052', 'E0009');
INSERT INTO sales (transNo, salesDate, custNo, empNo) VALUES ('T0000045', '2024-10-28', 'C0029', 'E0007');
INSERT INTO sales (transNo, salesDate, custNo, empNo) VALUES ('T0000058', '2024-11-05', 'C0002', 'E0009');
INSERT INTO sales (transNo, salesDate, custNo, empNo) VALUES ('T0000069', '2024-11-07', 'C0011', 'E0004');
INSERT INTO sales (transNo, salesDate, custNo, empNo) VALUES ('T0000021', '2024-11-15', 'C0074', 'E0007');
INSERT INTO sales (transNo, salesDate, custNo, empNo) VALUES ('T0000105', '2024-11-18', 'C0033', 'E0006');
INSERT INTO sales (transNo, salesDate, custNo, empNo) VALUES ('T0000052', '2024-11-19', 'C0016', 'E0009');
INSERT INTO sales (transNo, salesDate, custNo, empNo) VALUES ('T0000101', '2024-11-24', 'C0014', 'E0003');
INSERT INTO sales (transNo, salesDate, custNo, empNo) VALUES ('T0000009', '2024-11-30', 'C0044', 'E0007');
INSERT INTO sales (transNo, salesDate, custNo, empNo) VALUES ('T0000008', '2024-12-01', 'C0028', 'E0008');
INSERT INTO sales (transNo, salesDate, custNo, empNo) VALUES ('T0000102', '2024-12-03', 'C0053', 'E0008');
INSERT INTO sales (transNo, salesDate, custNo, empNo) VALUES ('T0000049', '2024-12-04', 'C0046', 'E0008');
INSERT INTO sales (transNo, salesDate, custNo, empNo) VALUES ('T0000027', '2024-12-15', 'C0002', 'E0007');
INSERT INTO sales (transNo, salesDate, custNo, empNo) VALUES ('T0000025', '2024-12-21', 'C0069', 'E0007');
INSERT INTO sales (transNo, salesDate, custNo, empNo) VALUES ('T0000100', '2024-12-22', 'C0053', 'E0006');
INSERT INTO sales (transNo, salesDate, custNo, empNo) VALUES ('T0000029', '2025-01-05', 'C0082', 'E0008');
INSERT INTO sales (transNo, salesDate, custNo, empNo) VALUES ('T0000018', '2025-01-12', 'C0022', 'E0010');
INSERT INTO sales (transNo, salesDate, custNo, empNo) VALUES ('T0000047', '2025-01-12', 'C0061', 'E0009');
INSERT INTO sales (transNo, salesDate, custNo, empNo) VALUES ('T0000026', '2025-01-14', 'C0009', 'E0009');
INSERT INTO sales (transNo, salesDate, custNo, empNo) VALUES ('T0000036', '2025-01-23', 'C0044', 'E0001');
INSERT INTO sales (transNo, salesDate, custNo, empNo) VALUES ('T0000022', '2025-02-10', 'C0026', 'E0002');
INSERT INTO sales (transNo, salesDate, custNo, empNo) VALUES ('T0000002', '2025-02-18', 'C0022', 'E0008');
INSERT INTO sales (transNo, salesDate, custNo, empNo) VALUES ('T0000079', '2025-02-22', 'C0058', 'E0010');
INSERT INTO sales (transNo, salesDate, custNo, empNo) VALUES ('T0000108', '2025-02-27', 'C0007', 'E0004');
INSERT INTO sales (transNo, salesDate, custNo, empNo) VALUES ('T0000073', '2025-03-15', 'C0040', 'E0010');
INSERT INTO sales (transNo, salesDate, custNo, empNo) VALUES ('T0000064', '2025-03-27', 'C0044', 'E0003');
INSERT INTO sales (transNo, salesDate, custNo, empNo) VALUES ('T0000044', '2025-04-03', 'C0003', 'E0002');
INSERT INTO sales (transNo, salesDate, custNo, empNo) VALUES ('T0000072', '2025-04-06', 'C0057', 'E0005');
INSERT INTO sales (transNo, salesDate, custNo, empNo) VALUES ('T0000082', '2025-04-09', 'C0010', 'E0004');
INSERT INTO sales (transNo, salesDate, custNo, empNo) VALUES ('T0000117', '2025-04-17', 'C0016', 'E0003');
INSERT INTO sales (transNo, salesDate, custNo, empNo) VALUES ('T0000089', '2025-04-24', 'C0039', 'E0007');
INSERT INTO sales (transNo, salesDate, custNo, empNo) VALUES ('T0000080', '2025-04-26', 'C0038', 'E0001');
INSERT INTO sales (transNo, salesDate, custNo, empNo) VALUES ('T0000120', '2025-04-28', 'C0032', 'E0008');
INSERT INTO sales (transNo, salesDate, custNo, empNo) VALUES ('T0000016', '2025-04-29', 'C0015', 'E0010');
INSERT INTO sales (transNo, salesDate, custNo, empNo) VALUES ('T0000032', '2025-05-10', 'C0060', 'E0007');
INSERT INTO sales (transNo, salesDate, custNo, empNo) VALUES ('T0000054', '2025-05-10', 'C0036', 'E0010');
INSERT INTO sales (transNo, salesDate, custNo, empNo) VALUES ('T0000113', '2025-05-11', 'C0016', 'E0001');
INSERT INTO sales (transNo, salesDate, custNo, empNo) VALUES ('T0000038', '2025-05-14', 'C0028', 'E0006');
INSERT INTO sales (transNo, salesDate, custNo, empNo) VALUES ('T0000028', '2025-05-16', 'C0014', 'E0007');
INSERT INTO sales (transNo, salesDate, custNo, empNo) VALUES ('T0000067', '2025-05-18', 'C0010', 'E0010');
INSERT INTO sales (transNo, salesDate, custNo, empNo) VALUES ('T0000099', '2025-05-18', 'C0012', 'E0008');
INSERT INTO sales (transNo, salesDate, custNo, empNo) VALUES ('T0000091', '2025-05-20', 'C0057', 'E0002');
INSERT INTO sales (transNo, salesDate, custNo, empNo) VALUES ('T0000037', '2025-05-21', 'C0042', 'E0003');
INSERT INTO sales (transNo, salesDate, custNo, empNo) VALUES ('T0000110', '2025-05-25', 'C0081', 'E0008');
INSERT INTO sales (transNo, salesDate, custNo, empNo) VALUES ('T0000118', '2025-05-25', 'C0038', 'E0009');
INSERT INTO sales (transNo, salesDate, custNo, empNo) VALUES ('T0000124', '2025-06-03', 'C0035', 'E0001');
INSERT INTO sales (transNo, salesDate, custNo, empNo) VALUES ('T0000122', '2025-06-04', 'C0018', 'E0002');
INSERT INTO sales (transNo, salesDate, custNo, empNo) VALUES ('T0000041', '2025-06-13', 'C0025', 'E0002');
INSERT INTO sales (transNo, salesDate, custNo, empNo) VALUES ('T0000109', '2025-06-14', 'C0047', 'E0010');
INSERT INTO sales (transNo, salesDate, custNo, empNo) VALUES ('T0000097', '2025-06-15', 'C0057', 'E0005');
INSERT INTO sales (transNo, salesDate, custNo, empNo) VALUES ('T0000031', '2025-06-18', 'C0035', 'E0010');
INSERT INTO sales (transNo, salesDate, custNo, empNo) VALUES ('T0000055', '2025-06-21', 'C0077', 'E0005');
INSERT INTO sales (transNo, salesDate, custNo, empNo) VALUES ('T0000048', '2025-06-27', 'C0045', 'E0007');

-- ── 5. SALESDETAIL (247 rows) ──
INSERT INTO salesDetail (transNo, prodCode, quantity) VALUES ('T0000107', 'P00020', 14.92);
INSERT INTO salesDetail (transNo, prodCode, quantity) VALUES ('T0000107', 'P00038', 16.84);
INSERT INTO salesDetail (transNo, prodCode, quantity) VALUES ('T0000115', 'P00029', 9.28);
INSERT INTO salesDetail (transNo, prodCode, quantity) VALUES ('T0000115', 'P00035', 14.25);
INSERT INTO salesDetail (transNo, prodCode, quantity) VALUES ('T0000115', 'P00031', 14.04);
INSERT INTO salesDetail (transNo, prodCode, quantity) VALUES ('T0000095', 'P00021', 24.54);
INSERT INTO salesDetail (transNo, prodCode, quantity) VALUES ('T0000095', 'P00013', 6.73);
INSERT INTO salesDetail (transNo, prodCode, quantity) VALUES ('T0000004', 'P00050', 2.05);
INSERT INTO salesDetail (transNo, prodCode, quantity) VALUES ('T0000004', 'P00027', 18.87);
INSERT INTO salesDetail (transNo, prodCode, quantity) VALUES ('T0000005', 'P00052', 20.02);
INSERT INTO salesDetail (transNo, prodCode, quantity) VALUES ('T0000005', 'P00025', 16.65);
INSERT INTO salesDetail (transNo, prodCode, quantity) VALUES ('T0000005', 'P00043', 4.65);
INSERT INTO salesDetail (transNo, prodCode, quantity) VALUES ('T0000001', 'P00009', 21.87);
INSERT INTO salesDetail (transNo, prodCode, quantity) VALUES ('T0000001', 'P00033', 21.98);
INSERT INTO salesDetail (transNo, prodCode, quantity) VALUES ('T0000001', 'P00038', 11.57);
INSERT INTO salesDetail (transNo, prodCode, quantity) VALUES ('T0000001', 'P00022', 13.62);
INSERT INTO salesDetail (transNo, prodCode, quantity) VALUES ('T0000104', 'P00047', 10.84);
INSERT INTO salesDetail (transNo, prodCode, quantity) VALUES ('T0000104', 'P00010', 16.71);
INSERT INTO salesDetail (transNo, prodCode, quantity) VALUES ('T0000092', 'P00031', 19.76);
INSERT INTO salesDetail (transNo, prodCode, quantity) VALUES ('T0000096', 'P00040', 10.54);
INSERT INTO salesDetail (transNo, prodCode, quantity) VALUES ('T0000096', 'P00045', 2.93);
INSERT INTO salesDetail (transNo, prodCode, quantity) VALUES ('T0000007', 'P00044', 10.12);
INSERT INTO salesDetail (transNo, prodCode, quantity) VALUES ('T0000007', 'P00035', 8.6);
INSERT INTO salesDetail (transNo, prodCode, quantity) VALUES ('T0000065', 'P00049', 1.86);
INSERT INTO salesDetail (transNo, prodCode, quantity) VALUES ('T0000065', 'P00032', 2.64);
INSERT INTO salesDetail (transNo, prodCode, quantity) VALUES ('T0000065', 'P00035', 16.15);
INSERT INTO salesDetail (transNo, prodCode, quantity) VALUES ('T0000111', 'P00015', 24.48);
INSERT INTO salesDetail (transNo, prodCode, quantity) VALUES ('T0000111', 'P00048', 19.25);
INSERT INTO salesDetail (transNo, prodCode, quantity) VALUES ('T0000111', 'P00006', 17.89);
INSERT INTO salesDetail (transNo, prodCode, quantity) VALUES ('T0000111', 'P00028', 3.41);
INSERT INTO salesDetail (transNo, prodCode, quantity) VALUES ('T0000012', 'P00020', 22.68);
INSERT INTO salesDetail (transNo, prodCode, quantity) VALUES ('T0000068', 'P00051', 2.35);
INSERT INTO salesDetail (transNo, prodCode, quantity) VALUES ('T0000060', 'P00028', 6.86);
INSERT INTO salesDetail (transNo, prodCode, quantity) VALUES ('T0000060', 'P00010', 10.89);
INSERT INTO salesDetail (transNo, prodCode, quantity) VALUES ('T0000074', 'P00012', 5.2);
INSERT INTO salesDetail (transNo, prodCode, quantity) VALUES ('T0000074', 'P00011', 15.63);
INSERT INTO salesDetail (transNo, prodCode, quantity) VALUES ('T0000013', 'P00044', 12.94);
INSERT INTO salesDetail (transNo, prodCode, quantity) VALUES ('T0000013', 'P00016', 15.0);
INSERT INTO salesDetail (transNo, prodCode, quantity) VALUES ('T0000078', 'P00041', 7.1);
INSERT INTO salesDetail (transNo, prodCode, quantity) VALUES ('T0000011', 'P00001', 12.17);
INSERT INTO salesDetail (transNo, prodCode, quantity) VALUES ('T0000011', 'P00052', 7.9);
INSERT INTO salesDetail (transNo, prodCode, quantity) VALUES ('T0000034', 'P00005', 23.69);
INSERT INTO salesDetail (transNo, prodCode, quantity) VALUES ('T0000034', 'P00029', 24.7);
INSERT INTO salesDetail (transNo, prodCode, quantity) VALUES ('T0000116', 'P00028', 7.0);
INSERT INTO salesDetail (transNo, prodCode, quantity) VALUES ('T0000116', 'P00045', 21.29);
INSERT INTO salesDetail (transNo, prodCode, quantity) VALUES ('T0000056', 'P00025', 21.48);
INSERT INTO salesDetail (transNo, prodCode, quantity) VALUES ('T0000062', 'P00025', 14.73);
INSERT INTO salesDetail (transNo, prodCode, quantity) VALUES ('T0000020', 'P00045', 1.53);
INSERT INTO salesDetail (transNo, prodCode, quantity) VALUES ('T0000020', 'P00019', 20.92);
INSERT INTO salesDetail (transNo, prodCode, quantity) VALUES ('T0000066', 'P00001', 21.76);
INSERT INTO salesDetail (transNo, prodCode, quantity) VALUES ('T0000066', 'P00037', 19.68);
INSERT INTO salesDetail (transNo, prodCode, quantity) VALUES ('T0000019', 'P00039', 19.62);
INSERT INTO salesDetail (transNo, prodCode, quantity) VALUES ('T0000019', 'P00048', 6.52);
INSERT INTO salesDetail (transNo, prodCode, quantity) VALUES ('T0000019', 'P00032', 20.25);
INSERT INTO salesDetail (transNo, prodCode, quantity) VALUES ('T0000019', 'P00019', 6.26);
INSERT INTO salesDetail (transNo, prodCode, quantity) VALUES ('T0000106', 'P00017', 17.27);
INSERT INTO salesDetail (transNo, prodCode, quantity) VALUES ('T0000070', 'P00043', 16.08);
INSERT INTO salesDetail (transNo, prodCode, quantity) VALUES ('T0000070', 'P00044', 22.68);
INSERT INTO salesDetail (transNo, prodCode, quantity) VALUES ('T0000070', 'P00009', 16.51);
INSERT INTO salesDetail (transNo, prodCode, quantity) VALUES ('T0000024', 'P00029', 14.91);
INSERT INTO salesDetail (transNo, prodCode, quantity) VALUES ('T0000024', 'P00003', 18.58);
INSERT INTO salesDetail (transNo, prodCode, quantity) VALUES ('T0000059', 'P00019', 8.84);
INSERT INTO salesDetail (transNo, prodCode, quantity) VALUES ('T0000061', 'P00013', 19.88);
INSERT INTO salesDetail (transNo, prodCode, quantity) VALUES ('T0000061', 'P00009', 22.04);
INSERT INTO salesDetail (transNo, prodCode, quantity) VALUES ('T0000003', 'P00033', 20.93);
INSERT INTO salesDetail (transNo, prodCode, quantity) VALUES ('T0000003', 'P00018', 7.17);
INSERT INTO salesDetail (transNo, prodCode, quantity) VALUES ('T0000112', 'P00031', 18.92);
INSERT INTO salesDetail (transNo, prodCode, quantity) VALUES ('T0000112', 'P00052', 9.13);
INSERT INTO salesDetail (transNo, prodCode, quantity) VALUES ('T0000112', 'P00019', 3.76);
INSERT INTO salesDetail (transNo, prodCode, quantity) VALUES ('T0000006', 'P00010', 18.38);
INSERT INTO salesDetail (transNo, prodCode, quantity) VALUES ('T0000006', 'P00049', 24.52);
INSERT INTO salesDetail (transNo, prodCode, quantity) VALUES ('T0000006', 'P00015', 24.21);
INSERT INTO salesDetail (transNo, prodCode, quantity) VALUES ('T0000006', 'P00044', 20.31);
INSERT INTO salesDetail (transNo, prodCode, quantity) VALUES ('T0000086', 'P00051', 1.33);
INSERT INTO salesDetail (transNo, prodCode, quantity) VALUES ('T0000086', 'P00026', 13.88);
INSERT INTO salesDetail (transNo, prodCode, quantity) VALUES ('T0000121', 'P00044', 17.14);
INSERT INTO salesDetail (transNo, prodCode, quantity) VALUES ('T0000121', 'P00048', 15.03);
INSERT INTO salesDetail (transNo, prodCode, quantity) VALUES ('T0000015', 'P00024', 6.61);
INSERT INTO salesDetail (transNo, prodCode, quantity) VALUES ('T0000015', 'P00007', 1.6);
INSERT INTO salesDetail (transNo, prodCode, quantity) VALUES ('T0000015', 'P00044', 22.22);
INSERT INTO salesDetail (transNo, prodCode, quantity) VALUES ('T0000030', 'P00040', 16.54);
INSERT INTO salesDetail (transNo, prodCode, quantity) VALUES ('T0000030', 'P00015', 16.25);
INSERT INTO salesDetail (transNo, prodCode, quantity) VALUES ('T0000087', 'P00045', 16.58);
INSERT INTO salesDetail (transNo, prodCode, quantity) VALUES ('T0000087', 'P00020', 3.8);
INSERT INTO salesDetail (transNo, prodCode, quantity) VALUES ('T0000098', 'P00003', 8.3);
INSERT INTO salesDetail (transNo, prodCode, quantity) VALUES ('T0000053', 'P00007', 22.29);
INSERT INTO salesDetail (transNo, prodCode, quantity) VALUES ('T0000053', 'P00016', 4.26);
INSERT INTO salesDetail (transNo, prodCode, quantity) VALUES ('T0000084', 'P00043', 17.72);
INSERT INTO salesDetail (transNo, prodCode, quantity) VALUES ('T0000084', 'P00048', 13.96);
INSERT INTO salesDetail (transNo, prodCode, quantity) VALUES ('T0000075', 'P00047', 22.25);
INSERT INTO salesDetail (transNo, prodCode, quantity) VALUES ('T0000075', 'P00010', 16.72);
INSERT INTO salesDetail (transNo, prodCode, quantity) VALUES ('T0000017', 'P00040', 1.79);
INSERT INTO salesDetail (transNo, prodCode, quantity) VALUES ('T0000017', 'P00027', 9.89);
INSERT INTO salesDetail (transNo, prodCode, quantity) VALUES ('T0000017', 'P00018', 11.64);
INSERT INTO salesDetail (transNo, prodCode, quantity) VALUES ('T0000085', 'P00024', 22.64);
INSERT INTO salesDetail (transNo, prodCode, quantity) VALUES ('T0000085', 'P00007', 16.48);
INSERT INTO salesDetail (transNo, prodCode, quantity) VALUES ('T0000085', 'P00044', 2.45);
INSERT INTO salesDetail (transNo, prodCode, quantity) VALUES ('T0000085', 'P00035', 7.62);
INSERT INTO salesDetail (transNo, prodCode, quantity) VALUES ('T0000071', 'P00030', 16.4);
INSERT INTO salesDetail (transNo, prodCode, quantity) VALUES ('T0000071', 'P00006', 15.33);
INSERT INTO salesDetail (transNo, prodCode, quantity) VALUES ('T0000071', 'P00043', 1.51);
INSERT INTO salesDetail (transNo, prodCode, quantity) VALUES ('T0000071', 'P00014', 19.88);
INSERT INTO salesDetail (transNo, prodCode, quantity) VALUES ('T0000057', 'P00009', 19.89);
INSERT INTO salesDetail (transNo, prodCode, quantity) VALUES ('T0000094', 'P00049', 14.3);
INSERT INTO salesDetail (transNo, prodCode, quantity) VALUES ('T0000051', 'P00015', 19.58);
INSERT INTO salesDetail (transNo, prodCode, quantity) VALUES ('T0000051', 'P00022', 19.93);
INSERT INTO salesDetail (transNo, prodCode, quantity) VALUES ('T0000081', 'P00018', 24.7);
INSERT INTO salesDetail (transNo, prodCode, quantity) VALUES ('T0000081', 'P00010', 13.97);
INSERT INTO salesDetail (transNo, prodCode, quantity) VALUES ('T0000077', 'P00008', 4.16);
INSERT INTO salesDetail (transNo, prodCode, quantity) VALUES ('T0000077', 'P00043', 9.6);
INSERT INTO salesDetail (transNo, prodCode, quantity) VALUES ('T0000077', 'P00002', 19.92);
INSERT INTO salesDetail (transNo, prodCode, quantity) VALUES ('T0000114', 'P00002', 7.37);
INSERT INTO salesDetail (transNo, prodCode, quantity) VALUES ('T0000114', 'P00012', 4.04);
INSERT INTO salesDetail (transNo, prodCode, quantity) VALUES ('T0000043', 'P00008', 2.53);
INSERT INTO salesDetail (transNo, prodCode, quantity) VALUES ('T0000043', 'P00048', 11.76);
INSERT INTO salesDetail (transNo, prodCode, quantity) VALUES ('T0000042', 'P00038', 11.85);
INSERT INTO salesDetail (transNo, prodCode, quantity) VALUES ('T0000042', 'P00007', 6.32);
INSERT INTO salesDetail (transNo, prodCode, quantity) VALUES ('T0000023', 'P00047', 22.81);
INSERT INTO salesDetail (transNo, prodCode, quantity) VALUES ('T0000023', 'P00051', 16.81);
INSERT INTO salesDetail (transNo, prodCode, quantity) VALUES ('T0000035', 'P00042', 2.46);
INSERT INTO salesDetail (transNo, prodCode, quantity) VALUES ('T0000035', 'P00002', 12.5);
INSERT INTO salesDetail (transNo, prodCode, quantity) VALUES ('T0000046', 'P00044', 12.77);
INSERT INTO salesDetail (transNo, prodCode, quantity) VALUES ('T0000046', 'P00007', 22.83);
INSERT INTO salesDetail (transNo, prodCode, quantity) VALUES ('T0000014', 'P00006', 8.73);
INSERT INTO salesDetail (transNo, prodCode, quantity) VALUES ('T0000093', 'P00009', 7.6);
INSERT INTO salesDetail (transNo, prodCode, quantity) VALUES ('T0000039', 'P00036', 8.8);
INSERT INTO salesDetail (transNo, prodCode, quantity) VALUES ('T0000039', 'P00046', 24.87);
INSERT INTO salesDetail (transNo, prodCode, quantity) VALUES ('T0000076', 'P00030', 15.53);
INSERT INTO salesDetail (transNo, prodCode, quantity) VALUES ('T0000076', 'P00033', 3.38);
INSERT INTO salesDetail (transNo, prodCode, quantity) VALUES ('T0000083', 'P00042', 18.3);
INSERT INTO salesDetail (transNo, prodCode, quantity) VALUES ('T0000083', 'P00050', 6.16);
INSERT INTO salesDetail (transNo, prodCode, quantity) VALUES ('T0000083', 'P00036', 11.84);
INSERT INTO salesDetail (transNo, prodCode, quantity) VALUES ('T0000033', 'P00022', 20.86);
INSERT INTO salesDetail (transNo, prodCode, quantity) VALUES ('T0000050', 'P00047', 8.5);
INSERT INTO salesDetail (transNo, prodCode, quantity) VALUES ('T0000050', 'P00007', 8.5);
INSERT INTO salesDetail (transNo, prodCode, quantity) VALUES ('T0000090', 'P00010', 23.15);
INSERT INTO salesDetail (transNo, prodCode, quantity) VALUES ('T0000090', 'P00044', 2.61);
INSERT INTO salesDetail (transNo, prodCode, quantity) VALUES ('T0000119', 'P00006', 18.87);
INSERT INTO salesDetail (transNo, prodCode, quantity) VALUES ('T0000119', 'P00028', 9.94);
INSERT INTO salesDetail (transNo, prodCode, quantity) VALUES ('T0000119', 'P00007', 4.12);
INSERT INTO salesDetail (transNo, prodCode, quantity) VALUES ('T0000040', 'P00036', 14.48);
INSERT INTO salesDetail (transNo, prodCode, quantity) VALUES ('T0000123', 'P00027', 21.97);
INSERT INTO salesDetail (transNo, prodCode, quantity) VALUES ('T0000123', 'P00023', 23.59);
INSERT INTO salesDetail (transNo, prodCode, quantity) VALUES ('T0000010', 'P00047', 24.24);
INSERT INTO salesDetail (transNo, prodCode, quantity) VALUES ('T0000010', 'P00004', 15.41);
INSERT INTO salesDetail (transNo, prodCode, quantity) VALUES ('T0000063', 'P00037', 6.11);
INSERT INTO salesDetail (transNo, prodCode, quantity) VALUES ('T0000063', 'P00033', 16.76);
INSERT INTO salesDetail (transNo, prodCode, quantity) VALUES ('T0000088', 'P00007', 9.4);
INSERT INTO salesDetail (transNo, prodCode, quantity) VALUES ('T0000103', 'P00008', 7.69);
INSERT INTO salesDetail (transNo, prodCode, quantity) VALUES ('T0000103', 'P00049', 6.43);
INSERT INTO salesDetail (transNo, prodCode, quantity) VALUES ('T0000045', 'P00036', 20.64);
INSERT INTO salesDetail (transNo, prodCode, quantity) VALUES ('T0000045', 'P00050', 15.73);
INSERT INTO salesDetail (transNo, prodCode, quantity) VALUES ('T0000058', 'P00002', 23.3);
INSERT INTO salesDetail (transNo, prodCode, quantity) VALUES ('T0000058', 'P00039', 20.91);
INSERT INTO salesDetail (transNo, prodCode, quantity) VALUES ('T0000069', 'P00012', 17.86);
INSERT INTO salesDetail (transNo, prodCode, quantity) VALUES ('T0000069', 'P00018', 8.42);
INSERT INTO salesDetail (transNo, prodCode, quantity) VALUES ('T0000021', 'P00001', 21.88);
INSERT INTO salesDetail (transNo, prodCode, quantity) VALUES ('T0000021', 'P00012', 14.59);
INSERT INTO salesDetail (transNo, prodCode, quantity) VALUES ('T0000105', 'P00010', 16.2);
INSERT INTO salesDetail (transNo, prodCode, quantity) VALUES ('T0000105', 'P00048', 1.74);
INSERT INTO salesDetail (transNo, prodCode, quantity) VALUES ('T0000052', 'P00014', 11.89);
INSERT INTO salesDetail (transNo, prodCode, quantity) VALUES ('T0000052', 'P00025', 4.78);
INSERT INTO salesDetail (transNo, prodCode, quantity) VALUES ('T0000052', 'P00027', 8.48);
INSERT INTO salesDetail (transNo, prodCode, quantity) VALUES ('T0000101', 'P00037', 3.04);
INSERT INTO salesDetail (transNo, prodCode, quantity) VALUES ('T0000101', 'P00039', 2.26);
INSERT INTO salesDetail (transNo, prodCode, quantity) VALUES ('T0000009', 'P00040', 2.19);
INSERT INTO salesDetail (transNo, prodCode, quantity) VALUES ('T0000008', 'P00029', 16.89);
INSERT INTO salesDetail (transNo, prodCode, quantity) VALUES ('T0000102', 'P00029', 7.56);
INSERT INTO salesDetail (transNo, prodCode, quantity) VALUES ('T0000102', 'P00027', 19.12);
INSERT INTO salesDetail (transNo, prodCode, quantity) VALUES ('T0000049', 'P00028', 3.66);
INSERT INTO salesDetail (transNo, prodCode, quantity) VALUES ('T0000027', 'P00038', 13.65);
INSERT INTO salesDetail (transNo, prodCode, quantity) VALUES ('T0000027', 'P00032', 8.4);
INSERT INTO salesDetail (transNo, prodCode, quantity) VALUES ('T0000025', 'P00039', 2.31);
INSERT INTO salesDetail (transNo, prodCode, quantity) VALUES ('T0000100', 'P00014', 19.42);
INSERT INTO salesDetail (transNo, prodCode, quantity) VALUES ('T0000029', 'P00019', 1.19);
INSERT INTO salesDetail (transNo, prodCode, quantity) VALUES ('T0000029', 'P00021', 18.93);
INSERT INTO salesDetail (transNo, prodCode, quantity) VALUES ('T0000029', 'P00008', 5.22);
INSERT INTO salesDetail (transNo, prodCode, quantity) VALUES ('T0000018', 'P00046', 13.01);
INSERT INTO salesDetail (transNo, prodCode, quantity) VALUES ('T0000018', 'P00015', 21.0);
INSERT INTO salesDetail (transNo, prodCode, quantity) VALUES ('T0000047', 'P00005', 2.02);
INSERT INTO salesDetail (transNo, prodCode, quantity) VALUES ('T0000047', 'P00026', 1.45);
INSERT INTO salesDetail (transNo, prodCode, quantity) VALUES ('T0000047', 'P00048', 23.11);
INSERT INTO salesDetail (transNo, prodCode, quantity) VALUES ('T0000026', 'P00037', 18.03);
INSERT INTO salesDetail (transNo, prodCode, quantity) VALUES ('T0000026', 'P00028', 11.02);
INSERT INTO salesDetail (transNo, prodCode, quantity) VALUES ('T0000026', 'P00026', 3.76);
INSERT INTO salesDetail (transNo, prodCode, quantity) VALUES ('T0000036', 'P00021', 5.12);
INSERT INTO salesDetail (transNo, prodCode, quantity) VALUES ('T0000022', 'P00030', 11.48);
INSERT INTO salesDetail (transNo, prodCode, quantity) VALUES ('T0000022', 'P00045', 3.54);
INSERT INTO salesDetail (transNo, prodCode, quantity) VALUES ('T0000022', 'P00024', 11.46);
INSERT INTO salesDetail (transNo, prodCode, quantity) VALUES ('T0000022', 'P00006', 10.61);
INSERT INTO salesDetail (transNo, prodCode, quantity) VALUES ('T0000002', 'P00020', 18.9);
INSERT INTO salesDetail (transNo, prodCode, quantity) VALUES ('T0000079', 'P00050', 5.04);
INSERT INTO salesDetail (transNo, prodCode, quantity) VALUES ('T0000108', 'P00008', 13.24);
INSERT INTO salesDetail (transNo, prodCode, quantity) VALUES ('T0000108', 'P00034', 22.74);
INSERT INTO salesDetail (transNo, prodCode, quantity) VALUES ('T0000073', 'P00047', 20.56);
INSERT INTO salesDetail (transNo, prodCode, quantity) VALUES ('T0000073', 'P00042', 6.67);
INSERT INTO salesDetail (transNo, prodCode, quantity) VALUES ('T0000064', 'P00013', 5.16);
INSERT INTO salesDetail (transNo, prodCode, quantity) VALUES ('T0000044', 'P00049', 16.73);
INSERT INTO salesDetail (transNo, prodCode, quantity) VALUES ('T0000072', 'P00050', 16.07);
INSERT INTO salesDetail (transNo, prodCode, quantity) VALUES ('T0000082', 'P00037', 14.91);
INSERT INTO salesDetail (transNo, prodCode, quantity) VALUES ('T0000082', 'P00049', 17.35);
INSERT INTO salesDetail (transNo, prodCode, quantity) VALUES ('T0000117', 'P00042', 8.76);
INSERT INTO salesDetail (transNo, prodCode, quantity) VALUES ('T0000117', 'P00041', 24.3);
INSERT INTO salesDetail (transNo, prodCode, quantity) VALUES ('T0000117', 'P00040', 8.59);
INSERT INTO salesDetail (transNo, prodCode, quantity) VALUES ('T0000089', 'P00031', 16.15);
INSERT INTO salesDetail (transNo, prodCode, quantity) VALUES ('T0000089', 'P00029', 20.11);
INSERT INTO salesDetail (transNo, prodCode, quantity) VALUES ('T0000080', 'P00023', 2.78);
INSERT INTO salesDetail (transNo, prodCode, quantity) VALUES ('T0000080', 'P00033', 12.08);
INSERT INTO salesDetail (transNo, prodCode, quantity) VALUES ('T0000120', 'P00024', 20.96);
INSERT INTO salesDetail (transNo, prodCode, quantity) VALUES ('T0000016', 'P00006', 15.76);
INSERT INTO salesDetail (transNo, prodCode, quantity) VALUES ('T0000032', 'P00030', 14.3);
INSERT INTO salesDetail (transNo, prodCode, quantity) VALUES ('T0000032', 'P00038', 20.0);
INSERT INTO salesDetail (transNo, prodCode, quantity) VALUES ('T0000054', 'P00029', 16.64);
INSERT INTO salesDetail (transNo, prodCode, quantity) VALUES ('T0000054', 'P00052', 8.72);
INSERT INTO salesDetail (transNo, prodCode, quantity) VALUES ('T0000054', 'P00037', 12.42);
INSERT INTO salesDetail (transNo, prodCode, quantity) VALUES ('T0000113', 'P00004', 11.81);
INSERT INTO salesDetail (transNo, prodCode, quantity) VALUES ('T0000038', 'P00022', 13.11);
INSERT INTO salesDetail (transNo, prodCode, quantity) VALUES ('T0000038', 'P00046', 5.14);
INSERT INTO salesDetail (transNo, prodCode, quantity) VALUES ('T0000038', 'P00006', 6.95);
INSERT INTO salesDetail (transNo, prodCode, quantity) VALUES ('T0000028', 'P00029', 13.55);
INSERT INTO salesDetail (transNo, prodCode, quantity) VALUES ('T0000028', 'P00034', 4.81);
INSERT INTO salesDetail (transNo, prodCode, quantity) VALUES ('T0000067', 'P00019', 10.81);
INSERT INTO salesDetail (transNo, prodCode, quantity) VALUES ('T0000067', 'P00025', 9.12);
INSERT INTO salesDetail (transNo, prodCode, quantity) VALUES ('T0000099', 'P00051', 16.54);
INSERT INTO salesDetail (transNo, prodCode, quantity) VALUES ('T0000099', 'P00041', 2.58);
INSERT INTO salesDetail (transNo, prodCode, quantity) VALUES ('T0000091', 'P00044', 10.28);
INSERT INTO salesDetail (transNo, prodCode, quantity) VALUES ('T0000037', 'P00043', 21.96);
INSERT INTO salesDetail (transNo, prodCode, quantity) VALUES ('T0000037', 'P00039', 9.0);
INSERT INTO salesDetail (transNo, prodCode, quantity) VALUES ('T0000110', 'P00010', 8.45);
INSERT INTO salesDetail (transNo, prodCode, quantity) VALUES ('T0000110', 'P00023', 16.75);
INSERT INTO salesDetail (transNo, prodCode, quantity) VALUES ('T0000118', 'P00009', 18.01);
INSERT INTO salesDetail (transNo, prodCode, quantity) VALUES ('T0000118', 'P00039', 3.03);
INSERT INTO salesDetail (transNo, prodCode, quantity) VALUES ('T0000124', 'P00042', 8.88);
INSERT INTO salesDetail (transNo, prodCode, quantity) VALUES ('T0000124', 'P00051', 4.07);
INSERT INTO salesDetail (transNo, prodCode, quantity) VALUES ('T0000122', 'P00048', 3.24);
INSERT INTO salesDetail (transNo, prodCode, quantity) VALUES ('T0000122', 'P00044', 17.09);
INSERT INTO salesDetail (transNo, prodCode, quantity) VALUES ('T0000122', 'P00034', 13.2);
INSERT INTO salesDetail (transNo, prodCode, quantity) VALUES ('T0000041', 'P00020', 5.33);
INSERT INTO salesDetail (transNo, prodCode, quantity) VALUES ('T0000109', 'P00050', 12.67);
INSERT INTO salesDetail (transNo, prodCode, quantity) VALUES ('T0000097', 'P00009', 4.72);
INSERT INTO salesDetail (transNo, prodCode, quantity) VALUES ('T0000031', 'P00051', 13.18);
INSERT INTO salesDetail (transNo, prodCode, quantity) VALUES ('T0000031', 'P00007', 13.95);
INSERT INTO salesDetail (transNo, prodCode, quantity) VALUES ('T0000055', 'P00034', 9.08);
INSERT INTO salesDetail (transNo, prodCode, quantity) VALUES ('T0000055', 'P00003', 19.39);
INSERT INTO salesDetail (transNo, prodCode, quantity) VALUES ('T0000055', 'P00043', 4.15);
INSERT INTO salesDetail (transNo, prodCode, quantity) VALUES ('T0000048', 'P00011', 20.95);
INSERT INTO salesDetail (transNo, prodCode, quantity) VALUES ('T0000048', 'P00012', 19.51);

-- ============================================================
-- Verification (after seeding):
-- ============================================================
-- SELECT COUNT(*) AS customers FROM customer;        -- Expected: 82
-- SELECT COUNT(*) AS products  FROM product;         -- Expected: 52
-- SELECT COUNT(*) AS sales     FROM sales;           -- Expected: 124
-- SELECT COUNT(*) AS details   FROM salesDetail;     -- Expected: ~250
-- SELECT COUNT(*) AS prices    FROM priceHist;       -- Expected: ~70
